"name","teams","minutes","fifa","APM","AugAPM","AugAPMSE"
"Mesut Özil","Arsenal",2972,89,0.150520660277089,0.266222227847062,0.0963175460599525
"Jan Vertonghen","Tottenham Hotspur",3054,83,0.185056548901593,0.230806969604266,0.0948095130543422
"Toby Alderweireld","Tottenham Hotspur",2740,85,0.1465063221066,0.226635169958053,0.0976288103621649
"Santiago Cazorla González","Arsenal",652,86,0.0923278831584459,0.225221369635201,0.0964481535985272
"Nicolás Otamendi","Manchester City",2751,85,0.1848095716571,0.225207807913382,0.0947524779957386
"David Josué Jimenez Silva","Manchester City",2897,87,0.13482109357841,0.223766201367327,0.0955493346958828
"Harry Kane","Tottenham Hotspur",2610,84,0.144722916289291,0.218824398893576,0.0974182676913757
"Vincent Kompany","Manchester City",866,86,0.100416758299469,0.216725422809564,0.0971594757646821
"Paul Pogba","Manchester United",2745,88,0.105936574249774,0.209708429253913,0.0959594114781473
"Christian Eriksen","Tottenham Hotspur",3289,84,0.116093693287956,0.194185331809614,0.092853658533253
"Alexis Sánchez","Arsenal",3379,87,0.0999222169989255,0.193687574000903,0.0960687846434588
"Daniel Sturridge","Liverpool",836,84,0.0977160055482267,0.190496402561848,0.0994411204146621
"Eden Hazard","Chelsea",3068,88,0.0713641803430287,0.189681664850629,0.0987395861260329
"Francesc Fàbregas i Soler","Chelsea",1443,86,0.0750564484420035,0.187489976561114,0.0934344751961886
"Zlatan Ibrahimović","Manchester United",2577,90,0.0468122421831368,0.185833459978854,0.096654359486128
"Leighton Baines","Everton",2962,83,0.0828360378949228,0.182993492415946,0.0919028829464615
"Dele Alli","Tottenham Hotspur",3169,80,0.178613563597881,0.177745484584938,0.0946105906442831
"Romelu Lukaku","Everton",3445,84,0.0610339602084965,0.174101078599103,0.0962860976439316
"Philippe Coutinho Correia","Liverpool",2308,85,0.0771736541963801,0.17249718825844,0.0964081514204247
"Victor Moses","Chelsea",2562,77,0.249734483525029,0.172467274588652,0.0934149632460369
"Yaya Touré","Manchester City",2047,84,0.115446293615679,0.170229866298472,0.0958745082631925
"Kevin De Bruyne","Manchester City",3015,88,0.05371121660001,0.167972000310088,0.0951254613553248
"Eric Bailly","Manchester United",2171,82,0.133831209444527,0.165412483246254,0.0926979439031479
"Mamadou Sakho","Crystal Palace",730,82,0.0835143112361538,0.162313241212431,0.0998828815994239
"Pedro Rodríguez Ledesma","Chelsea",2225,83,0.106038367288749,0.159930879112579,0.0962154868469479
"Henrikh Mkhitaryan","Manchester United",1414,85,0.0628287897299214,0.155814128836449,0.0945631782127403
"Morgan Schneiderlin","Manchester United,Everton",1141,82,0.060662325556028,0.155058759581189,0.095105273166126
"Granit Xhaka","Arsenal",2607,84,0.0910099257486587,0.152279406985663,0.0926081118334344
"David Luiz Moreira Marinho","Chelsea",3104,84,0.0917395865445841,0.152205048775392,0.0951162618252332
"Joel Matip","Liverpool",2595,82,0.107258153667249,0.152053982750042,0.0935157107853779
"Sergio Agüero","Manchester City",2530,89,0.00275256309034661,0.150490636525488,0.0948803587662621
"Juan Manuel Mata García","Manchester United",1687,84,0.0826075595049346,0.150489093200967,0.0962709227661924
"César Azpilicueta Tanco","Chelsea",3602,84,0.11437437568306,0.149881005647117,0.0960093624175697
"Séamus Coleman","Everton",2446,82,0.0978133411065939,0.148161208219617,0.0982607875020174
"Adam Lallana","Liverpool",2420,82,0.0801058745741235,0.145962923558658,0.0961158066544708
"Riyad Mahrez","Leicester City",2940,85,0.0148891894748125,0.145277527618449,0.0941905162549931
"Gary Cahill","Chelsea",3468,83,0.127786276931362,0.145189337593691,0.094482419004355
"Raheem Sterling","Manchester City",2620,82,0.123045484683377,0.144204706007244,0.0960136942866333
"İlkay Gündoğan","Manchester City",725,85,0.0140779210805947,0.142957166433001,0.0992541409138027
"Kieran Trippier","Tottenham Hotspur",619,77,0.158946678348718,0.137568831529431,0.0991830070791135
"Shkodran Mustafi","Arsenal",2401,83,0.0932615673965705,0.136669226633773,0.0927347315682959
"Manuel Agudo Durán","Manchester City",832,83,0.0507245950658266,0.135763153716622,0.0960639319340327
"Laurent Koscielny","Arsenal",2975,85,0.0616655853412465,0.134018386678366,0.0953573044903224
"James Milner","Liverpool",3309,81,0.10187134061027,0.131649298822805,0.0951366625855856
"Diego da Silva Costa","Chelsea",3248,85,0.0600885054373946,0.131137188037912,0.0925834920027318
"Xherdan Shaqiri","Stoke City",1761,82,0.057288785597035,0.130309150633804,0.0967737963590261
"Ashley Williams","Everton",3338,83,0.0304134785533035,0.13011265048691,0.0949627197251132
"Kevin Mirallas","Everton",2163,81,0.0746254585515887,0.129791967937285,0.0920410555281642
"Jordan Henderson","Liverpool",2228,80,0.0938820868822914,0.129384409572145,0.0958590729999925
"Ander Herrera Agüera","Manchester United",2619,82,0.114224483054393,0.129160956816953,0.096399998226214
"Fernando Luiz Rosa","Manchester City",2920,81,0.14232601370456,0.128615639716263,0.0963037674478605
"Michy Batshuayi","Chelsea",305,81,0.064442425757817,0.128279808708495,0.0999352822733359
"Leroy Sané","Manchester City",1844,79,0.136133381980863,0.123258691549868,0.0964366141527762
"Nathaniel Clyne","Liverpool",3503,81,0.103909020724167,0.1226446342641,0.0947461293774263
"Lucas Pérez Martínez","Arsenal",312,81,0.0566184841059735,0.12099485827703,0.101773201861912
"Eric Dier","Tottenham Hotspur",3207,78,0.147436519513041,0.120548067178478,0.094755767065775
"Aaron Ramsey","Arsenal",1331,84,0.0189065221979775,0.118272611127384,0.0985272680568203
"Ross Barkley","Everton",3023,81,0.0458969944539929,0.117930568694592,0.0929329326652542
"Moussa Dembélé","Tottenham Hotspur",2134,82,0.0557732882207249,0.117870752115587,0.0901309659568947
"Marcos Alonso Mendoza","Chelsea",2825,77,0.18238841702803,0.117564047877322,0.0937380629468737
"Dimitri Payet","West Ham United",1582,86,-0.0472426198096229,0.117441845794333,0.0963876376120661
"Sadio Mané","Liverpool",2311,79,0.104099048502855,0.116534709897393,0.0950486821904425
"Per Mertesacker","Arsenal",42,83,-0.00254762955995665,0.115501008231633,0.100882933302859
"Wayne Rooney","Manchester United",1603,84,0.0244712497918698,0.113719703935758,0.0956326915688286
"Olivier Giroud","Arsenal",1302,83,0.0330345049935585,0.113068313664692,0.0920816118769108
"N'Golo Kanté","Chelsea",3302,81,0.111126289142886,0.112714386098686,0.0964815060685965
"Roberto Firmino Barbosa de Oliveira","Liverpool",3218,82,0.06405484584266,0.111757291085804,0.0947481078972895
"Ramiro Funes Mori","Everton",1655,77,0.115196730185598,0.11114402361767,0.0953469925778601
"John Terry","Chelsea",533,84,-0.00228344042561215,0.109799359996066,0.0956088816432563
"Georginio Wijnaldum","Liverpool",3112,81,0.0712980606711858,0.109519965720829,0.0947853563678395
"Heung Min Son","Tottenham Hotspur",2161,78,0.112631049586672,0.107878307895226,0.0905367694869585
"Samir Nasri","Manchester City",20,82,0.00896450425949319,0.107755018182679,0.10248795717626
"Roberto Pereyra","Watford",1089,81,0.0289707117626628,0.107381879589254,0.0959948333653063
"Dušan Tadić","Southampton",2496,79,0.0373748573641838,0.107207290975825,0.096764760864151
"Willian Borges da Silva","Chelsea",1633,85,-0.00265280405473165,0.10559803976451,0.0952530726298473
"Danny Rose","Tottenham Hotspur",1608,80,0.058695865733711,0.104273110013789,0.0937681993650159
"Gerard Deulofeu Lázaro","Everton",500,81,0.0361773454106841,0.103190254904664,0.0979659967678967
"Robert Huth","Leicester City",3083,80,0.0494976879942759,0.101496025845627,0.0942273094684486
"Dejan Lovren","Liverpool",2686,82,0.0366486463098266,0.100820606077368,0.092571163454087
"Moussa Sissoko","Tottenham Hotspur",990,80,0.0543711018005695,0.100331544776909,0.0964471581588186
"Islam Slimani","Leicester City",1357,83,-0.017748585676495,0.097294927194765,0.0943304145252974
"José Miguel da Rocha Fonte","Southampton,West Ham United",3106,83,-0.03662424400306,0.0971626244515854,0.0914663904328927
"Claudio Yacob","West Bromwich Albion",2558,80,0.0123738890406681,0.0951293419357815,0.0944138670637775
"Chris Smalling","Manchester United",1292,84,-0.00785395638936636,0.0943908008300805,0.0945962866908413
"Steven Defour","Burnley",1104,77,0.0613971377237028,0.0939489285171564,0.0953250925384141
"Matteo Darmian","Manchester United",1415,80,0.0574382341466815,0.0936872784476879,0.0954109971163183
"James McCarthy","Everton",650,81,0.023751343901837,0.0934197775108163,0.100158940985945
"Martín Cáceres","Southampton",95,81,0.0135311696110728,0.0931784696295411,0.0962521849749596
"Ben Davies","Tottenham Hotspur",1840,78,0.103066648055993,0.0917761014561389,0.0962368373783216
"Bacary Sagna","Manchester City",1425,82,0.0342666969375852,0.0909820333052532,0.0964085656804008
"Lazar Marković","Hull City",1042,78,0.0497456834406666,0.0907156596450439,0.0974829323655925
"Emre Can","Liverpool",2515,80,0.0651223008700095,0.09005376855236,0.0933314950075482
"André Ayew","West Ham United",1482,80,0.0333338885354605,0.0895082982469323,0.0927693038793716
"Abel Hernández","Hull City",1502,76,0.0672520616787077,0.0861934740649082,0.0951466584263497
"Ignacio Monreal Eraso","Arsenal",3328,81,0.0775917882494405,0.0858331592517712,0.0955513276106754
"Jonathan Calleri","West Ham United",688,77,0.0813997742740193,0.0850665654943428,0.0963074048973519
"Danny Welbeck","Arsenal",799,80,0.0287717760675151,0.0846432575637011,0.0944111068782304
"Álvaro Negredo Sánchez","Middlesbrough",2994,80,-0.0220010629337466,0.0844845800781889,0.0968984900184697
"Fernando Javier Llorente Torres","Swansea City",2550,80,0.0036166520134052,0.084410489295074,0.0954987264926328
"Nemanja Matić","Chelsea",2820,84,0.00770436522688677,0.0838836348686475,0.0960851258177631
"Christian Benteke","Crystal Palace",3293,81,0.00836423534208074,0.0836966302820874,0.0949106891489919
"Sofiane Feghouli","West Ham United",1113,80,0.0232451195320991,0.0826480683499177,0.101755436314955
"Ashley Young","Manchester United",805,80,0.0299943088704411,0.0819884560717425,0.0978907417977985
"Anthony Martial","Manchester United",1631,82,0.022561870824784,0.0819642790842051,0.091385002456089
"Manolo Gabbiadini","Southampton",745,81,-0.0180497080843701,0.0811859409443316,0.0997826188118627
"Lucas Pezzini Leiva","Liverpool",1210,80,0.0358905850285643,0.0801821118360233,0.095175190976795
"Gylfi Sigurðsson","Swansea City",3511,82,-0.0713645375404036,0.0788319055098306,0.0979992008050677
"Jordan Ayew","Swansea City",918,77,0.0533503633213275,0.0758009110638436,0.0961573087800264
"Mathieu Debuchy","Arsenal",16,80,0.00847889223673424,0.0753667578822913,0.100943055857865
"Jefferson Montero","Swansea City",422,79,0.0264138897783475,0.0737647265918727,0.0991890168495468
"Georges-Kévin Nkoudou","Tottenham Hotspur",93,78,0.0466220948640858,0.0733968939488932,0.10093528571219
"Phil Jones","Manchester United",1673,79,0.0578612217035891,0.07130730826414,0.095307333796599
"Darren Fletcher","West Bromwich Albion",3405,76,0.0493592967738837,0.070562683617466,0.0966141008292447
"Michael Carrick","Manchester United",1699,81,0.0080188867736267,0.0704300116672391,0.0954392934418645
"Vincent Janssen","Tottenham Hotspur",941,78,0.0506181281606199,0.070250521369943,0.0937258032326116
"Wilfried Zaha","Crystal Palace",3181,79,0.0115908706907837,0.0696948867270465,0.0942106251047097
"Allan-Roméo Nyom","West Bromwich Albion",2788,78,0.0139767440869246,0.0691910093919029,0.0954501488793414
"Alex Oxlade-Chamberlain","Arsenal",1650,79,0.0639565838652694,0.0689720191893091,0.0925312631513566
"Max Gradel","AFC Bournemouth",177,79,0.0184360956545385,0.0675921434989143,0.0992264178927228
"Gabriel Fernando de Jesus","Manchester City",688,76,0.102079384632205,0.0670983103357682,0.0949859211274219
"Ibrahim Afellay","Stoke City",428,79,0.0125496605263513,0.0670537302633285,0.0967308535625549
"Victor Wanyama","Tottenham Hotspur",3162,78,0.0649043823568281,0.0663528273753428,0.0929184963587824
"Kevin Wimmer","Tottenham Hotspur",372,79,0.0176829689980535,0.0661975308644261,0.0995335681672702
"Oscar dos Santos Emboaba","Chelsea",477,83,-0.039541711768372,0.0661113897606893,0.0970609772523135
"Héctor Bellerín Moruno","Arsenal",2660,79,0.0650938178543787,0.0660756111539533,0.0933790143070805
"Salomón Rondón","West Bromwich Albion",3036,80,-0.0308193491717899,0.0660467198697009,0.0980927471256687
"Yohan Cabaye","Crystal Palace",2248,81,-0.0284711451001186,0.0657958624596551,0.0963899882455593
"Jamie Vardy","Leicester City",2943,82,-0.0320537789672481,0.0652059476192306,0.095738645991927
"Erik Lamela","Tottenham Hotspur",628,81,-0.0213166815596479,0.0650480778457605,0.0968774983258297
"Kieran Gibbs","Arsenal",740,80,0.0139585270626759,0.0646736204734247,0.0990049482663559
"Ryan Bertrand","Southampton",2641,79,-0.0105455727617634,0.064383939404158,0.0956167020399627
"Fernando Reges","Manchester City",631,79,0.0269043609120329,0.0635588628064988,0.0969731219890702
"Charlie Austin","Southampton",968,78,0.020843434038279,0.063195996905344,0.0965925452221433
"Phil Jagielka","Everton",2367,82,-0.0454326852647122,0.0613111627509878,0.0908753459258895
"Bojan Krkic Perez","Stoke City",500,82,-0.0447022167448905,0.0607254445256773,0.0993002205604537
"Cédric Ricardo Alves Soares","Southampton",2642,78,-0.0117016514266976,0.0601299757626826,0.0974202709019004
"Jordy Clasie","Southampton",1063,78,0.0270581772593227,0.0599023159814588,0.0951321861885185
"Francis Coquelin","Arsenal",1867,81,-0.000661313763437254,0.059523721020431,0.0967562514747773
"Ragnar Klavan","Liverpool",1508,78,0.0336387796751752,0.058381169464112,0.0978997856257983
"Loïc Rémy","Crystal Palace",153,81,-0.0348048343485376,0.0579332142766372,0.0987167538890355
"Michael Keane","Burnley",3334,75,0.00495251983217099,0.0577359278782626,0.0973375623467899
"Enner Valencia","West Ham United,Everton",1006,76,0.0682094608722759,0.057017846797698,0.0962943381746628
"Aaron Cresswell","West Ham United",2249,76,0.0693212393521558,0.0554521827470273,0.0965701560807704
"Matthew Lowton","Burnley",3429,75,-0.00125003914439668,0.0554440262359114,0.0954587543357703
"Virgil van Dijk","Southampton",1955,79,-0.00574261985682508,0.0552190716473045,0.0945790407911659
"Jeremain Lens","Sunderland",77,79,0.00224646904681453,0.054995298058883,0.100153242034202
"Andros Townsend","Crystal Palace",2649,78,0.013573525094643,0.0547574797215346,0.0948005233632435
"Gareth Barry","Everton",2220,80,-0.00122465278462853,0.0541328477010533,0.0932222233536411
"Memphis Depay","Manchester United",42,80,-0.0184163320343152,0.0536033665826478,0.0984784401794046
"Gökhan Töre","West Ham United",249,80,-0.0222239037771344,0.0533171274367733,0.0996925919611799
"Dieumerci Mbokani","Hull City",807,79,-0.0140755487193035,0.0527020910858191,0.097810719295189
"Luke Shaw","Manchester United",720,80,0.0119608307729248,0.0525316669872014,0.0963145400735029
"Gastón Ramírez","Middlesbrough",1671,78,0.00373341803067868,0.0516972729231088,0.0969952612692048
"James Morrison","West Bromwich Albion",1833,75,0.0669821400339855,0.051333120285871,0.0962294626701878
"Antonio Valencia","Manchester United",2622,80,0.0648618724629569,0.0512760928187375,0.0964189102368946
"Peter Crouch","Stoke City",1448,76,0.0508342404568953,0.0482603178535115,0.0909222450628946
"Ryan Shawcross","Stoke City",3327,81,-0.0509715400356457,0.0476770119809854,0.0929322702088237
"Yohan Benalouane","Leicester City",969,75,0.0753477618061278,0.047351988187769,0.0948963254715156
"Andy Carroll","West Ham United",1383,78,0.007178835593585,0.0471558796812451,0.0953429816806658
"Shinji Okazaki","Leicester City",1625,77,0.0325817443395622,0.0468845333665408,0.0956353832598702
"Marko Arnautović","Stoke City",2828,82,-0.0631537272731289,0.0467496292153022,0.0936520937917674
"Gabriel Armando de Abreu","Arsenal",1604,79,0.038688221694159,0.0464405510559729,0.0952322443172585
"Marten de Roon","Middlesbrough",2917,78,-0.0339853556736126,0.0461787468910389,0.0956369953335017
"Robbie Brady","Burnley",768,76,0.0404916583405503,0.0456734345209225,0.0965553982839883
"Kyle Walker","Tottenham Hotspur",2846,81,-0.019636681636127,0.0448353645834712,0.0953425605636157
"Wilfried Bony","Stoke City",703,81,-0.056449616190098,0.0447475141753292,0.098706914750446
"Andre Gray","Burnley",2363,75,0.0166954385021814,0.0445965680047893,0.0945756753488362
"Winston Reid","West Ham United",2729,81,-0.0506364456918269,0.0436621774287135,0.0927478298167766
"Martin Olsson","Swansea City",1321,75,0.0520192673815119,0.0428015298746717,0.0959289277350276
"Kyle Naughton","Swansea City",2853,75,0.0319258153302888,0.0420475747560338,0.0963498407738882
"Angelo Ogbonna","West Ham United",1854,80,-0.0257472773056532,0.04141857991735,0.0961278009942217
"Jonny Evans","West Bromwich Albion",2793,79,-0.0497264387991986,0.0408056274605428,0.0946022529912773
"Gareth McAuley","West Bromwich Albion",3312,76,0.00195149423910393,0.0396483882728871,0.0944939118464323
"Daryl Janmaat","Watford",1805,77,0.014690558286965,0.0395575488081829,0.0931783096069326
"Jermain Defoe","Sunderland",3503,80,-0.0868858755697343,0.0386865347675352,0.0973216425245683
"Sebastian Prödl","Watford",2925,77,0.0185939273145175,0.0386136132788535,0.0930532637786141
"Danny Drinkwater","Leicester City",2604,80,-0.030682787918047,0.0382699220118228,0.094019722362305
"Lamine Koné","Sunderland",2692,76,-0.00187635281033152,0.037554001736554,0.0948768308809018
"Robert Snodgrass","Hull City,West Ham United",2685,75,0.0282229684153911,0.0373667563779834,0.0925764685814934
"Steven Davis","Southampton",2789,77,-0.0148260963281811,0.035286855554385,0.0932563358321125
"Daley Blind","Manchester United",1936,81,0.00634368949631447,0.0349096111594464,0.0946821122440199
"Aleksandar Kolarov","Manchester City",2690,79,0.0473514502484561,0.0347108051436313,0.0885980567963713
"Marcos Rojo","Manchester United",1765,78,0.047858751333643,0.0335786141795458,0.0967295652645751
"Gaël Clichy","Manchester City",2239,80,0.0231997129705902,0.0329829628600099,0.0935192393263885
"Andrew Robertson","Hull City",2890,75,-0.00590362550552179,0.0327713001520205,0.0965539219461062
"Troy Deeney","Watford",3113,76,0.0249712925649825,0.0326347624473034,0.0933084606329708
"Mauro Zárate","Watford",206,77,0.00975166868762508,0.0318776379429289,0.0973985573209428
"Lee Cattermole","Sunderland",647,78,-0.013087160895163,0.0307978165208508,0.0976923726951627
"Sam Vokes","Burnley",2214,73,0.0354975232690276,0.0302939439423067,0.0932515263839865
"Miguel Angel Britos","Watford",2433,75,0.0461189065111763,0.0285538496726603,0.0935221823137407
"Nacer Chadli","West Bromwich Albion",2211,78,-0.0445832564269624,0.0278901096986842,0.097252766138925
"Valon Behrami","Watford",2131,77,-0.00493751249078021,0.0272025202469867,0.0936723086399948
"Pablo Zabaleta","Manchester City",1155,82,-0.0626684012899166,0.0265213695896651,0.097347142040058
"Younès Kaboul","Sunderland,Watford",2005,77,-0.00525450289028994,0.0257653398472308,0.0941103491318196
"Marouane Fellaini","Manchester United",1716,78,0.037429223896834,0.0249602170593305,0.0971120597801644
"Alberto Moreno Pérez","Liverpool",362,77,0.0122326535377026,0.0246131566977001,0.099670361190016
"Kurt Zouma","Chelsea",279,80,-0.0525718047090453,0.0245277474014601,0.0984336952459502
"Joey Barton","Burnley",1172,76,0.00737712126551522,0.0244986302788748,0.0975440478030375
"Scott Dann","Crystal Palace",1855,79,-0.0389694002333355,0.0243759057719517,0.092930506841674
"Mark Noble","West Ham United",2498,78,-0.0108039669898649,0.0236889065997806,0.0932420667490142
"Luka Milivojević","Crystal Palace",1295,74,0.0700834730405039,0.0236325571448868,0.0955559036190824
"Fabian Delph","Manchester City",253,78,-0.0138484841566756,0.0234066759054096,0.0984233701912336
"Leroy Fer","Swansea City",2544,76,-0.00343872477377159,0.0232349547438837,0.0943702682770985
"Nathan Redmond","Southampton",3067,75,0.00869330632604513,0.0230062545105297,0.0915978975897078
"Bruno Martins Indi","Stoke City",3317,78,-0.0265336359810241,0.0225207804892293,0.0942801676620963
"Branislav Ivanović","Chelsea",642,80,-0.0324582471003783,0.0213762623845289,0.0944970688765568
"Erik Pieters","Stoke City",3333,76,0.00257581662666131,0.0205469097716464,0.0968917677869617
"Borja González Tomás","Swansea City",630,80,-0.0714249807242537,0.0202930427908437,0.102831121351118
"Craig Cathcart","Watford",1228,73,0.0652758667249475,0.020164983266849,0.095054777309368
"Philipp Wollscheid","Stoke City",191,78,-0.024929308321631,0.0199778379710038,0.0996094369255928
"Ashley Westwood","Burnley",585,75,0.0258454294137557,0.0188690554015081,0.095889989589666
"Marc Muniesa Martínez","Stoke City",697,76,0.0217458547467334,0.0185605913294969,0.09701924617273
"Bernardo Espinosa Zuñiga","Middlesbrough",1023,78,-0.0301971490927696,0.0177043949273296,0.0936351896252376
"Giannelli Imbula","Stoke City",840,79,-0.0479871498599423,0.0176107524154789,0.0983081524943473
"Jack Cork","Swansea City",2357,78,-0.0537022123277086,0.0175446576845133,0.0921682571368242
"Pedro Mba Obiang Avomo","West Ham United",1854,76,0.0164218325232514,0.0170562866990673,0.092252365158552
"Jesse Lingard","Manchester United",1421,77,0.0203145840732083,0.0165282115273257,0.093684415086754
"Theo Walcott","Arsenal",1998,81,-0.0508983907424473,0.0157491232973228,0.0933491212105412
"Mame Diouf","Stoke City",1480,78,-0.0284058889173669,0.0150118781365373,0.0952666791776898
"Antonio Barragán Fernández","Middlesbrough",2308,75,-0.000144953474057362,0.0149201393748709,0.0912262087806395
"Ben Mee","Burnley",3188,74,-0.0264392397959163,0.0143485424823438,0.0943730048423999
"Christian Fuchs","Leicester City",3281,77,-0.00330277086778654,0.0136920760685497,0.0969854667964682
"Pape Souaré","Crystal Palace",281,77,-0.0147019676104052,0.0136814047699155,0.0997967954317099
"Marc Albrighton","Leicester City",2508,76,0.0076103483160642,0.0119339930239089,0.0949608344345246
"Steven Pienaar","Sunderland",867,77,-0.0239293999559008,0.0116487940316617,0.0986027758462311
"Tom Carroll","Tottenham Hotspur,Swansea City",1462,72,0.0692698383552188,0.0111780394454774,0.0985076154647444
"Divock Origi","Liverpool",1583,78,-0.023209803011835,0.0106447635799992,0.0975564289104149
"Sofiane Boufal","Southampton",1168,80,-0.0845007550707901,0.0102082310575298,0.0960824199504207
"Charlie Adam","Stoke City",1562,76,-0.00822738381744178,0.00973410238418365,0.0960197319683295
"Pierre-Emile Højbjerg","Southampton",1378,74,0.0265525552871558,0.00958089068051038,0.0935808759612566
"Diafra Sakho","West Ham United",188,76,0.00392093378003304,0.0091630991006735,0.0985045978827136
"Matt Phillips","West Bromwich Albion",2273,74,0.0241191017533609,0.00905640631613568,0.0917334165098195
"Papy Mison Djilobodji","Sunderland",1673,78,-0.0642498227028156,0.00902757119419894,0.0927830095959654
"Rickie Lambert","West Bromwich Albion",17,76,0.000121820133773735,0.00877882328071732,0.0998305564628313
"Jay Rodriguez","Southampton",968,77,-0.0198199897952233,0.00818763387898548,0.0977467633019997
"Álvaro Arbeloa Coca","West Ham United",270,80,-0.080881895683759,0.00800648097548767,0.0994614479294745
"Evandro Goebel","Hull City",607,76,-0.016476693038342,0.0072630335248835,0.0997315344757466
"Nampalys Mendy","Leicester City",274,78,-0.0421202900292161,0.00706177745512237,0.101569382493875
"M'Baye Niang","Watford",1288,78,-0.0424753899275375,0.00614452202382371,0.0952008050362628
"Adama Traoré","Middlesbrough",1640,73,0.0391400405802762,0.00568694034050425,0.0950237384196224
"Tom Huddlestone","Hull City",2139,75,-0.0352752241659822,0.00520546351871732,0.093017698632375
"Shaun Maloney","Hull City",317,74,0.0323870927717739,0.00461260122839289,0.0975246712055967
"Markus Henriksen","Hull City",687,76,-0.0145263199310276,0.00443061840168129,0.100624554977257
"Alfred N'Diaye","Hull City",1328,79,-0.08817447895494,0.00408178438908523,0.0950337535500326
"John O'Shea","Sunderland",2277,76,-0.0353801978771861,0.00313740440682574,0.0966128425767828
"Wahbi Khazri","Sunderland",929,79,-0.0714230007941016,0.00261150041777901,0.0943354082378311
"Geoff Cameron","Stoke City",1721,77,-0.0172156663984545,0.000723460181558771,0.095829959929832
"Leon Britton","Swansea City",1188,77,-0.0424415920111907,1.54971722926259e-06,0.0943474665168818
"Idrissa Gueye","Everton",2808,76,-0.000384591957730281,-0.000582450267800921,0.0924328924901743
"Connor Wickham","Crystal Palace",448,74,0.0265895875252612,-0.00101494916198676,0.099713913562466
"Jérémy Pied","Southampton",145,75,0.0130942807729617,-0.00157347759411788,0.10091977088144
"Fernando Fernández","Swansea City",2572,70,0.0805269303875007,-0.00199663661522533,0.095815302449685
"Mathieu Flamini","Crystal Palace",305,76,-0.015563245346538,-0.00293187807235973,0.0946330784431475
"Nathan Dyer","Swansea City",324,77,-0.0368674033576307,-0.00308355880860348,0.0969292030697161
"Aaron Lennon","Everton",541,78,-0.0424389464867724,-0.00326855630462202,0.0963021010502675
"Fabio Borini","Sunderland",1833,76,-0.0402061858483097,-0.00392896677579672,0.0966418690257255
"Shane Long","Southampton",1373,77,-0.0518436513007957,-0.00407173592663605,0.0939672956653669
"Jack Wilshere","Arsenal,AFC Bournemouth",2064,82,-0.158197832621124,-0.00418005544424843,0.0963426420746817
"Etienne Capoue","Watford",3352,78,-0.067838804464077,-0.0048058390279396,0.0927232391390135
"Michael Dawson","Hull City",1922,77,-0.0740171206558297,-0.0048972888952795,0.0971091251297904
"Benik Afobe","AFC Bournemouth",1600,74,-0.00334258714780949,-0.004941294211263,0.0948231816777045
"Isaac Success","Watford",597,74,0.0241637088215896,-0.00534917475729389,0.0969951473270092
"Jesús Navas González","Manchester City",1153,80,-0.0679173046679932,-0.00538416211779252,0.0944008631581244
"Mile Jedinák","Crystal Palace",96,76,-0.0167857835065029,-0.00542698503929107,0.0992722677512483
"Jack Rodwell","Sunderland",1568,76,-0.0508482555112464,-0.00571413753093282,0.0929666636730487
"Jonathan Walters","Stoke City",1400,75,-0.00666139767027468,-0.00756972482409316,0.0944238204358468
"Curtis Davies","Hull City",2244,77,-0.0900509188651836,-0.00783845864802132,0.095316162858187
"Glen Johnson","Stoke City",2071,77,-0.036910732069885,-0.0090072803714744,0.0981559004250783
"Jon Flanagan","Burnley",387,73,0.0286146421164236,-0.0102510513139672,0.100427434009495
"Jordan Rhodes","Middlesbrough",234,74,0.0121112178787603,-0.0103289215369047,0.099250637981133
"Joe Ledley","Crystal Palace",1219,75,-0.00996964913923006,-0.0103865483465384,0.0975389418642714
"James Tomkins","Crystal Palace",2099,76,-0.0154426332715476,-0.0112402810334528,0.0909585180196106
"Luciano Narsingh","Swansea City",465,76,-0.0275052652533988,-0.0112407194157781,0.0957806477166661
"Leonardo Ulloa","Leicester City",515,74,0.0146838293674599,-0.0114558987665077,0.0979809611322892
"James Collins","West Ham United",1767,76,-0.0226661101373262,-0.0121815459184539,0.0944982513996513
"Joe Allen","Stoke City",3078,77,-0.0552017565850103,-0.0124630709322668,0.0943667637856794
"Viktor Fischer","Middlesbrough",474,74,0.00537569336493416,-0.0128113387345879,0.0976951419679817
"Harry Maguire","Hull City",2438,72,0.0157109173587943,-0.0132145147871754,0.0947439257197451
"Wes Morgan","Leicester City",2568,79,-0.0815268897658274,-0.0133280746911104,0.0928678739512916
"Stewart Downing","Middlesbrough",2341,75,-0.060356207507061,-0.0133881993665543,0.093939494659519
"Jason Puncheon","Crystal Palace",3262,76,-0.0258777187854795,-0.0135347627453588,0.0951009124734492
"Jason Denayer","Sunderland",1976,74,-0.00473538763250475,-0.0137430777025442,0.0909876599028082
"Jeffrey Schlupp","Leicester City,Crystal Palace",1224,71,0.0742202495095719,-0.014030097923372,0.0939842133962877
"Sung Yueng Ki","Swansea City",1373,78,-0.0860208308460941,-0.014266161790265,0.093124395889698
"Oriol Romeu Vidal","Southampton",3237,74,-0.013621026633933,-0.0145341675228154,0.0939375696269367
"Andrea Ranocchia","Hull City",1404,76,-0.0489255767896137,-0.0147815423005595,0.097756275264312
"Jan Kirchhoff","Sunderland",480,77,-0.0551526620945383,-0.0149460663609607,0.0976939595108999
"Javier Manquillo Gaitán","Sunderland",1516,77,-0.0639226348113693,-0.015039716497358,0.0925605322318077
"Ahmed Musa","Leicester City",833,78,-0.0613432763179774,-0.0150810058618858,0.0960756468893291
"Craig Gardner","West Bromwich Albion",252,76,-0.0277749644189716,-0.0150872037386131,0.0960500699176132
"Mohamed Elneny","Arsenal",733,74,0.0249002951677516,-0.0160565664866275,0.0989364258668921
"Saido Berahino","West Bromwich Albion,Stoke City",1003,77,-0.0492379314825463,-0.0163504245206918,0.0955629727854654
"Danny Simpson","Leicester City",3158,74,0.0161587590536892,-0.0165405117727054,0.0972666307715815
"Håvard Nordtveit","West Ham United",1025,79,-0.0952114208761092,-0.0181185588663784,0.0959737244509453
"Phil Bardsley","Stoke City",1230,73,0.0185701526205463,-0.0182113526069899,0.0927846251229494
"Cheikhou Kouyaté","West Ham United",2867,77,-0.0398329074387946,-0.0182739510757788,0.0954076300169809
"Albert Adomah","Middlesbrough",130,75,-0.0171290804339472,-0.0182835403336216,0.0985300226490335
"James McArthur","Crystal Palace",2080,77,-0.0472256578901618,-0.0183785193693786,0.0949288181740231
"Joel Ward","Crystal Palace",3625,76,-0.0334483615404312,-0.0190133154208848,0.095308193028171
"Juan Camilo Zúñiga","Watford",815,73,0.0249541938650444,-0.0190837804529681,0.0998300793906905
"Michail Antonio","West Ham United",2569,76,-0.0166984410378585,-0.0192635904531448,0.0915103244178786
"Didier Ndong","Sunderland",2662,74,-0.0222488865783232,-0.0200255660582772,0.0954833631575859
"Neil Taylor","Swansea City",968,75,-0.0247364950304013,-0.020481101744148,0.0956445064398642
"Omar Elabdellaoui","Hull City",645,75,-0.0363267102209281,-0.0211789401537334,0.0949386019073938
"Jonas Olsson","West Bromwich Albion",619,76,-0.0547787044145367,-0.0233366326244133,0.0982853337655455
"Calum Chambers","Arsenal,Middlesbrough",2373,72,-0.00363358703400732,-0.0234063373852804,0.0973540486607583
"Oumar Niasse","Hull City",1158,77,-0.0879067417923465,-0.0244656949474961,0.0967836687694609
"Modou Barrow","Swansea City",1194,75,-0.032063065498053,-0.0245191370041655,0.0973188947301809
"Simone Zaza","West Ham United",482,80,-0.115798385748225,-0.0249370158073472,0.10015838034349
"George Boyd","Burnley",2970,71,-0.00365021340123037,-0.0253210523482535,0.09294226994356
"Andy King","Leicester City",1530,72,0.0421437325217303,-0.0255228612453594,0.0950010414828396
"John Stones","Manchester City",2136,78,-0.0356186724931472,-0.0255694541648511,0.0937382493831311
"Stefano Okaka","Watford",1023,77,-0.0714806600452403,-0.0266461388994215,0.0980630892247772
"Marcus Rashford","Manchester United",1832,76,0.00269934581278152,-0.0272753720180795,0.093747726306808
"Maya Yoshida","Southampton",2182,73,-0.0094640967036263,-0.0276130064160828,0.0921918541301639
"Wayne Routledge","Swansea City",1894,76,-0.0654013289645114,-0.0276786750610501,0.0954031037725027
"Tom Cleverley","Everton,Watford",1955,78,-0.0880621865973502,-0.0279603315900356,0.0945600089391324
"Jordi Amat Maas","Swansea City",1493,76,-0.0566377280630775,-0.0281662191434301,0.0929951290334366
"Kamil Grosicki","Hull City",1112,77,-0.0792873322708681,-0.0289483385909003,0.0950648599630512
"Yannick Bolasie","Crystal Palace,Everton",1095,78,-0.0548885435629938,-0.0295513333732546,0.102725239638932
"Sam Byram","West Ham United",1339,73,0.00388925920492587,-0.030697795550543,0.0956176803387314
"Lucas Hernández","Leicester City",347,75,-0.0210530290109559,-0.03075641840674,0.0971303386318422
"Glenn Whelan","Stoke City",2397,77,-0.0697557809312079,-0.0315849647761095,0.093979505030258
"Callum Wilson","AFC Bournemouth",1376,76,-0.0707497064208699,-0.0320104497638111,0.0936794671734622
"Àngel Rangel Zaragoza","Swansea City",911,76,-0.0568032927457582,-0.0331007659559812,0.100907556528123
"Odion Ighalo","Watford",1363,78,-0.104598584492034,-0.0348398225984443,0.0968482108530604
"Darron Gibson","Sunderland",672,77,-0.0724414868374575,-0.0359857382748104,0.099320286875657
"Ahmed Elmohamady","Hull City",2675,75,-0.0800421622873164,-0.0368025299297693,0.0934500379589253
"Stephen Ward","Burnley",3409,72,-0.0563195430253161,-0.0368348578423223,0.0953759142206387
"Arouna Koné","Everton",100,75,-0.0408949477767595,-0.0375717760371998,0.09835522461372
"Bakary Sako","Crystal Palace",176,75,-0.0359346560359403,-0.0383001895023405,0.100017159272156
"Jake Livermore","Hull City,West Bromwich Albion",3130,75,-0.0845180135613112,-0.0386213411193476,0.0904047195910983
"Christian Kabasele","Watford",829,76,-0.054925182577295,-0.0395350129020197,0.0984340270855255
"Daniel Sanchez Ayala","Middlesbrough",976,74,-0.0385524808500115,-0.039671338749061,0.0934317837830307
"Adam Clayton","Middlesbrough",2949,73,-0.042333302939028,-0.0422279753023537,0.0923642479558988
"Ramadan Sobhi","Stoke City",913,71,0.0205202869161373,-0.0436324949512872,0.0967971249955058
"Dean Marney","Burnley",1851,71,-0.0178875770709648,-0.0438607483256811,0.093717946070659
"James McClean","West Bromwich Albion",1596,74,-0.0484102487207788,-0.0439640808684438,0.0942502761327206
"Ben Watson","Watford",68,73,-0.00380118152808429,-0.0439838475875768,0.10280052881161
"Jeff Hendrick","Burnley",2839,72,-0.0550839883851194,-0.0447099918962876,0.0967358467564403
"Marc Wilson","West Bromwich Albion",262,74,-0.0250194125945129,-0.0455043551155463,0.0960221235144485
"Fábio Pereira da Silva","Middlesbrough",1940,74,-0.0478737585883034,-0.0458980115658901,0.0963207040563698
"Christian Stuani","Middlesbrough",1418,72,-0.00277021972914779,-0.0462079894951416,0.0962180238328092
"Kevin Stewart","Liverpool",36,72,0.010663982947031,-0.0471005797121666,0.0982491965967591
"Robert Kenedy Nunes do Nascimento","Watford,Chelsea",95,73,-0.0114999944717485,-0.0474739990911185,0.100244242808605
"Victor Anichebe","Sunderland",1302,73,-0.0208147706564217,-0.0476174814496479,0.0985319719442722
"Kelechi Iheanacho","Manchester City",608,74,-0.0177999724200621,-0.0488267257193876,0.0953064089660167
"Chung-Yong Lee","Crystal Palace",521,74,-0.0419662153145361,-0.0493998326335549,0.098818622282061
"Jose Holebas","Watford",3053,77,-0.102291009676416,-0.0494584584434249,0.0923962176310766
"Abdoulaye Doucouré","Watford",1443,78,-0.114596903314594,-0.0497928755560013,0.0937103123990275
"Jamie Ward","Southampton",1990,71,-0.00569415856912813,-0.0499569197918109,0.0944682787621131
"David Meyler","Hull City",1022,72,-0.0338307748937683,-0.0499802213969832,0.0964993184005387
"Dan Gosling","AFC Bournemouth",1482,72,-0.0274517042529502,-0.0500059308311166,0.0936418081700582
"Andrew Surman","AFC Bournemouth",2043,75,-0.0919824561987185,-0.0506284453265218,0.0982141313957743
"Carl Jenkinson","Arsenal",83,73,-0.00960754756134825,-0.0509318103022239,0.0972943287157992
"Martin Kelly","Crystal Palace",2231,74,-0.0352206566358309,-0.051749542657526,0.0949274674085417
"David Nugent","Middlesbrough",56,72,0.00487239694725733,-0.0519055966299145,0.0990972343623955
"Adnan Januzaj","Sunderland",1618,76,-0.0995315630148862,-0.0522492423384338,0.093251062481216
"Sebastian Larsson","Sunderland",1544,75,-0.078123598926404,-0.0524075628089893,0.0969378259410897
"Timothy Fosu-Mensah","Manchester United",115,71,0.0158467171479473,-0.0525113961054565,0.0952429832554575
"Jóhann Berg Gudmundsson","Burnley",1052,72,-0.0383692542871072,-0.0552649125867396,0.0943469440379242
"Paddy McNair","Sunderland",373,72,-0.00473637664583636,-0.0555611392439064,0.098961220567452
"George Friend","Middlesbrough",2082,73,-0.0796528033539697,-0.0566418498829615,0.0925996365205327
"Matěj Vydra","Watford",8,72,0.00110343873388883,-0.0574800912823745,0.10292729321526
"Ashley Barnes","Burnley",1865,71,-0.0172868458869316,-0.0580730034601116,0.0942345849387689
"James Tarkowski","Burnley",656,71,-0.00458290796107974,-0.0588057808347455,0.0938090948015313
"Jordon Mutch","Crystal Palace",70,72,-0.00503769138713358,-0.0592136424218319,0.0984050094118896
"Charlie Daniels","AFC Bournemouth",3232,72,-0.0570872943537552,-0.0592871491658237,0.0964838162926903
"Damien Delaney","Crystal Palace",2162,75,-0.0680587911183351,-0.0602113170304319,0.0940604326751066
"Ryan Mason","Hull City",976,75,-0.0863857056400897,-0.0603912177902286,0.0952211607423692
"Adama Valentin Diomande","Hull City",1250,72,-0.0359286703630478,-0.0611392030238862,0.0962784684100286
"Fraizer Campbell","Crystal Palace",219,71,0.0100287813466366,-0.0642075512205984,0.0979934319914571
"Marc Pugh","AFC Bournemouth",1386,72,-0.0330558806167364,-0.0642439305470464,0.0948275430649021
"Onyinye Ndidi","Leicester City",1605,72,-0.0144351154471927,-0.0653101586952093,0.0923652282347204
"Emilio Nsue López","Middlesbrough",332,72,-0.0148821706762765,-0.0659566215431157,0.1016845583728
"Cuco Martina","Southampton",625,70,0.0252432198336964,-0.0670839782444801,0.102513362410178
"Adam Forshaw","Middlesbrough",2822,70,-0.0233433175648687,-0.0682667766495629,0.0918706549504574
"Marcin Wasilewski","Leicester City",95,72,-0.0190847324479326,-0.0688999766298427,0.0972138861129558
"Rudy Gestede","Middlesbrough",587,74,-0.070943376600496,-0.0699066973610055,0.0994016533858925
"Manuel Lanzini","West Ham United",2837,76,-0.0984568125533572,-0.0699420110934325,0.0931244686388251
"Michael Kightly","Burnley",123,70,0.0171054591961519,-0.0699963610256716,0.101830459858255
"David Jones","Burnley",87,72,-0.0191669005722175,-0.0700802868329876,0.101708570882482
"Chris Brunt","West Bromwich Albion",2617,69,0.0132691290518541,-0.0703698122149411,0.0942677022794195
"Grant Leadbitter","Middlesbrough",755,71,-0.0233455871535238,-0.0705929061739276,0.0970226174715284
"Ikechi Anya","Watford",14,71,0.00106273606222393,-0.0720245749183675,0.101123080199984
"Nordin Amrabat","Watford",2181,78,-0.151965979800233,-0.0732936189254106,0.0950408360178829
"Scott Arfield","Burnley",2205,72,-0.0829523125125595,-0.073732915865549,0.0957906076133536
"Simon Francis","AFC Bournemouth",3096,73,-0.100992391262442,-0.076793675138486,0.093088063907983
"Lewis Cook","AFC Bournemouth",451,71,-0.0188168049892469,-0.0797519016225728,0.0975305182725289
"Mike van der Hoorn","Swansea City",698,75,-0.10164743409139,-0.0816985828395313,0.0969668210522062
"Josh Onomah","Tottenham Hotspur",39,70,0.00795426562619808,-0.0822364808038356,0.100505671584906
"Ben Gibson","Middlesbrough",3607,70,-0.0532775560348243,-0.0824650536071888,0.0967533236178963
"Arthur Masuaku","West Ham United",1033,75,-0.105144635796328,-0.0825583286167332,0.0955904887042126
"Ryan Fraser","AFC Bournemouth",1839,72,-0.0735739652614922,-0.0829980301617211,0.0961331269773908
"Joleon Lescott","Sunderland",131,71,-0.0201852955078866,-0.0839959616745006,0.101998600388236
"Rob Holding","Arsenal",853,67,0.0781322775494472,-0.0841173240330925,0.0962795831915311
"Harry Arter","AFC Bournemouth",3130,74,-0.139120135826773,-0.0859523444880675,0.0944162233878775
"Lukas Jutkiewicz","Burnley",21,70,5.53659270430669e-05,-0.0866008460056589,0.102996664426972
"Patrick van Aanholt","Sunderland,Crystal Palace",2715,75,-0.125782089934563,-0.0872978539864749,0.0938615090948834
"Duncan Watmore","Sunderland",1064,69,-0.00324702589275163,-0.0877621056912984,0.098306916350065
"Jordon Ibe","AFC Bournemouth",1117,71,-0.0413172043432732,-0.0885573649836058,0.0972918170155546
"Sergio Romero","Manchester United",189,69,0.0246544632811324,-0.0900084054022281,0.0960866864477483
"Patrick Bamford","Burnley,Middlesbrough",388,71,-0.0415849712682322,-0.0924461981938556,0.0970204409443227
"Nathan Aké","AFC Bournemouth,Chelsea",899,72,-0.0699331530747946,-0.0935878147292044,0.0961991151205928
"Marko Grujić","Liverpool",60,70,-0.00874829229074613,-0.0938712478570911,0.0977824964310346
"Adrian Mariappa","Watford",597,71,-0.0274573112044837,-0.0945361144329316,0.0976552379698243
"Lewis Grabban","AFC Bournemouth",72,70,-0.0136613246088968,-0.0952420063017104,0.0997293200579953
"Adlène Guédioura","Watford,Middlesbrough",918,71,-0.0555917368478879,-0.104629448608741,0.0954973126977584
"Alfie Mawson","Swansea City",2566,68,-0.0127428102367214,-0.106744005425868,0.0930543193523118
"Ezekiel Fryers","Crystal Palace",228,66,0.0578936637303395,-0.107035265650748,0.0994845411360398
"Hal Robson-Kanu","West Bromwich Albion",809,67,0.0150686434507054,-0.108796981698999,0.0995623130067313
"Lys Mousset","AFC Bournemouth",303,68,0.00137329201705995,-0.111206876167411,0.0995763085799794
"Mason Holgate","Everton",1443,65,0.0358929515588973,-0.112533214063667,0.0932080052340672
"Bryan Oviedo","Everton,Sunderland",1389,72,-0.0736680579160683,-0.112850562095601,0.095912263886849
"Harrison Reed","Southampton",73,68,0.0099833120532889,-0.112863022056725,0.102328823798196
"Matty James","Leicester City",5,69,-0.0132300644137751,-0.113779313835885,0.100622652971904
"Brendan Galloway","West Bromwich Albion",259,68,0.000809618137526518,-0.114573794132523,0.0977790364389897
"Stephen Kingsley","Swansea City",1094,70,-0.0546430892226086,-0.114722317358848,0.0994140579632481
"Craig Dawson","West Bromwich Albion",3459,67,-0.0134281565233363,-0.11480612154405,0.0954585828483781
"Ruben Loftus-Cheek","Chelsea",61,68,0.0084510357921656,-0.115887271138072,0.100648575825322
"Trent Alexander-Arnold","Liverpool",192,68,-0.00118189067902259,-0.117082231993683,0.101783319288687
"Steve Cook","AFC Bournemouth",3615,72,-0.154856251804197,-0.119600605882196,0.0948516163693159
"Edimilson Fernandes","West Ham United",1070,70,-0.0452520752032333,-0.120111472154385,0.0934720409508036
"Tyrone Mings","AFC Bournemouth",536,71,-0.0738672115892455,-0.120829622450352,0.0980670755468627
"Nathaniel Chalobah","Chelsea",203,68,-0.00227009062479501,-0.121414255447721,0.100812803560304
"Joshua King","AFC Bournemouth",2747,72,-0.149734440805672,-0.129571885812093,0.0963148737848982
"Junior Stanislas","AFC Bournemouth",1522,70,-0.0896756941811214,-0.130724932029338,0.0941290459273237
"Daniel Amartey","Leicester City",1797,71,-0.0794960413507489,-0.133147104675303,0.0938638164856535
"Alex Iwobi","Arsenal",1518,70,-0.0346826535257095,-0.135209075056392,0.0935295035892383
"Billy Jones","Sunderland",2381,71,-0.108710549679609,-0.136034650278392,0.0945364468186623
"Demarai Gray","Leicester City",1148,70,-0.0719588157304433,-0.137608110799292,0.0925836622578867
"Adam Smith","AFC Bournemouth",3281,71,-0.148377847202207,-0.137720124635384,0.0959709701657017
"Sullay Kaikai","Crystal Palace",27,67,0.00264882678652146,-0.138404321915686,0.0987644922426054
"Axel Tuanzebe","Manchester United",313,67,-0.0169181566011765,-0.140790818307827,0.100760437402581
"Will Keane","Hull City",296,67,-0.027897997867438,-0.151523111128625,0.0993771431706087
"Jay Fulton","Swansea City",724,64,0.0209954630461772,-0.154617519658771,0.10084283575032
"Matt Targett","Southampton",393,67,-0.0315542278801919,-0.155900213187623,0.10209382162203
"Sam Clucas","Hull City",3345,68,-0.127852477885301,-0.158784858296197,0.0925981349964237
"Jack Stephens","Southampton",1550,65,-0.0244822748874918,-0.159864500971909,0.0967636090485207
"Kevin Long","Burnley",286,66,-0.0189497137805665,-0.160711522609566,0.0984861725059062
"Baily Cargill","AFC Bournemouth",18,65,0.00482485773358596,-0.161518782554525,0.103661764609148
"Ainsley Maitland-Niles","Arsenal",5,65,-0.000879278253694977,-0.168599164572028,0.100813708527299
"James Husband","Middlesbrough",59,65,-0.0109336376715825,-0.178083445967356,0.102875634870338
"Sam McQueen","Southampton",670,63,0.0122412731034283,-0.179185496112345,0.101937236677627
"Lynden Gooch","Sunderland",400,66,-0.0563032692583405,-0.18242031226645,0.102473637398706
"Matthew Pennington","Everton",189,64,-0.0159656829916953,-0.185658838725149,0.0978568517520853
"Brad Smith","AFC Bournemouth",284,65,-0.0422902518142459,-0.187188526402562,0.101028710141494
"Ben Chilwell","Leicester City",763,68,-0.0963140965213749,-0.187764625298584,0.0967624567787714
"Ashley Fletcher","West Ham United",434,66,-0.0635046569351786,-0.190629832944022,0.0981968153502587
"Ola Aina","Chelsea",37,63,0.00821126518661063,-0.194662732229464,0.104454949648498
"Jonathan Leko","West Bromwich Albion",149,64,-0.0252038365135271,-0.199087512977027,0.100043174473731
"Harry Winks","Tottenham Hotspur",574,64,-0.0275860988808605,-0.199188929946194,0.0993265995061379
"Joel Asoro","Sunderland",13,63,-0.000291550173634177,-0.199940019616878,0.0995561950803224
"Jonathan Benteke","Crystal Palace",12,63,0.000503227437192965,-0.200156534053051,0.105457161684316
"Ademola Lookman","Everton",310,61,0.0273004442107843,-0.206009027233212,0.100856370739417
"Dominic Calvert-Lewin","Everton",376,63,-0.0355462579108678,-0.212153253699547,0.0972144789902207
"Sam Field","West Bromwich Albion",299,62,-0.00645917325998509,-0.213852713923433,0.100002700109747
"Tom Davies","Everton",1624,58,0.0442026488632806,-0.213911082289536,0.101711153153135
"Aleix García Serrano","Manchester City",108,63,-0.027964390380273,-0.221272136565085,0.0974754422480506
"Scott McTominay","Manchester United",104,60,0.0168604242435479,-0.226142036018385,0.102624985696629
"Joel Castro Pereira","Manchester United",94,60,0.0156174581893206,-0.226413445585497,0.104244976220123
"Joshua Harrop","Manchester United",94,60,0.0156180263094768,-0.226458981187388,0.101968873988772
"Josh Sims","Southampton",233,61,-0.0025350808499721,-0.226582413926456,0.101246635865749
"Demetri Mitchell","Manchester United",94,60,0.0156168888274409,-0.227565217577632,0.103787423009986
"Filip Lesniak","Tottenham Hotspur",8,60,0.0254211603981191,-0.229493152972303,0.104382723970629
"Michael Folivi","Watford",13,61,0.00113533594276101,-0.232194117305352,0.100810877954714
"Ovie Ejaria","Liverpool",14,60,0.011888771840551,-0.240319461936309,0.103930411712109
"Ben Woodburn","Liverpool",104,60,0.0020697559794843,-0.243462652009154,0.102187619449394
"Dan Agyei","Burnley",37,60,0.0032356765466812,-0.244431793279095,0.100972466586766
"Matt Worthington","AFC Bournemouth",20,60,0.00237144081567512,-0.244630344628596,0.104551281397407
"Angel Gomes","Manchester United",6,60,-0.000571920869552752,-0.246213284740543,0.102564884212594
"George Honeyman","Sunderland",250,60,-0.00502028027204612,-0.247140649232127,0.102135936077059
"Donald Love","Sunderland",660,59,-0.00184085807279486,-0.24995588177047,0.101075378517148
NA,"Watford",29,60,-0.00947764786288103,-0.252280071417995,0.105053658564205
"Julien Ngoy","Stoke City",70,60,-0.00869678821666788,-0.252756566747005,0.101863624980842
"Oliver McBurnie","Swansea City",104,62,-0.0547973082588922,-0.253900534936647,0.102836799331705
"Jerome Sinclair","Watford",133,59,0.00578311664271013,-0.257826131113424,0.106249914323043
"Andrew Eleftheriou","Watford",53,60,-0.0172502319580184,-0.259233087377044,0.102191421744361
"Emiliano Martínez","Arsenal",189,60,-0.0198786529690593,-0.261431233217876,0.103437546512091
"Brandon Mason","Watford",118,60,-0.0312655473670111,-0.265225034484654,0.10253137741956
"Josh Tymon","Hull City",331,58,-0.0193366635389182,-0.282608931049416,0.101103855930733
"Jonjoe Kenny","Everton",16,57,0.000252023028432368,-0.294717347657059,0.105016167342097
"Aiden O'Neill","Burnley",96,57,-0.0299062737799932,-0.312200567108774,0.100526134581512
"Declan Rice","West Ham United",5,56,0.000275326139906772,-0.312694528320561,0.105899781362592
"Jarrod Bowen","Hull City",206,57,-0.0463697140625489,-0.324262732580604,0.105096141812233
